Pregnancies,Glucose,BloodPressure,SkinThickness,Insulin,BMI,DiabetesPedigreeFunction,Age
1,128,104,26,395,27.0,1.806,36
9,99,92,48,601,27.4,1.151,19
7,81,65,50,588,39.2,0.717,27
5,142,107,23,423,35.8,0.286,77
5,185,68,53,769,43.1,2.261,43
10,78,62,17,508,39.3,1.167,47
1,181,103,14,71,31.0,0.546,46
8,177,65,40,688,44.0,0.8,66
2,105,45,38,517,23.3,1.469,22
1,152,72,8,571,18.7,0.483,23
6,91,95,49,508,20.9,2.149,35
11,168,53,11,498,41.1,1.908,48
8,161,72,48,81,32.8,1.813,59
9,116,49,0,503,23.2,1.109,48
8,78,88,47,715,34.0,1.587,45
9,196,73,47,273,22.9,1.481,76
6,127,63,46,542,40.3,1.642,27
1,186,55,39,27,32.3,0.257,53
10,158,79,28,312,30.2,1.069,51
5,171,86,42,393,27.6,0.152,47
6,168,105,16,884,38.2,1.26,68
4,95,70,46,193,29.6,0.858,34
2,117,51,33,248,20.8,0.404,77
11,130,98,27,367,21.8,0.303,38
9,134,84,30,893,48.8,1.49,51
7,75,89,34,768,47.1,0.468,50
4,141,46,2,31,40.4,2.317,70
9,90,61,8,210,26.5,1.474,45
6,166,93,14,739,49.0,0.9,35
5,158,98,6,52,42.9,1.498,19
